id,pppoe_username
1,HENNY@GIRILAYA
2,WICAKSONO@KROYA
3,AFRIZAL@PERMATA
4,ALAM@DELTA
5,HUTABARAT@DELTAALI
6,NANDA@KARANGANYAR
7,ALIF@PADEK
8,NOVITASARI@ANGSANA
9,DEASY@ANGSANA
10,ELIZA@ambon
11,YOGI@CILIA
12,SUGIONO@HARMONI2
13,SYAH@KEBASIRAN
14,THERESIA@ANGSANA1
15,SATYA@SAWAHLUHUR
16,SOLIHIN@KEPUH
17,TIKA@CIPUTRI
18,SAMSUL@PADEK
19,MARTHA@LAMONGAN
20,MULIA@HARMONI2
21,RIA@ANGSANA
22,ARIA@TONJONG
23,ADIPATI@KEDUNGCINDE
24,YUDHA@ANGSANA2
25,ARY@JENGGOT
26,DERRY@ANGSOKA
27,CHRISTIE@ambon
28,HENNY@DELTA
29,MARLINA@ambon
30,JANNAH@GIRILAYA
31,MUSTIKA@TERATE
32,SANDY@KEBASIRAN
33,SYAHPUTRA@KROYA
34,THARIQ@BTM
35,YANDI@JENGGOT
36,RIKY@ANGSANA
37,PRABOWO@GIRILAYA
38,MEI@SQUATER
39,KARTIKASARI@SINDANGJAYA
40,RAIHAN@DELTAALI
41,WULANSARI@KASUBAN
42,UJANG@TEGALDUREN
43,MITA@KEBAROSAN
44,INES@ANGSANA2
45,IHSAN@GANTERAN
46,DAVIN@CANGKRING
47,OKTA@DELTA
48,OCTAVIA@SINDANGJAYA
49,SITI@LENGKONG
50,RAIHAN@PEGADINGAN
51,EDI@DELTA
52,DARMAWAN@GEMPOL
53,IKA@TERATE
54,VIRA@ANGSANA1
55,AMINAH@ANGSANA2
56,RAHAYU@TONJONG
57,KUSUMAWATI@PEGADINGAN
58,WIJAYANTI@BTM
59,YANTO@TONJONG
60,DANI@KEBASIRAN
61,SUCIPTO@ambon
62,ENDANG@KESATRIAN
63,NANI@Pai2
64,THARIQ@PAMENGKANG
65,RITA@SUKAMANDI
66,ARUM@GANTERAN
67,RIMA@PAMENGKANG
68,YENY@CABLAS
69,NOVIANA@CIPUTRI
70,HAJAR@GIRILAYA
71,HASTUTI@CENGKOK
72,VIAN@ANGSANA
73,WANDA@TONJONG
74,BAMBANG@SQUATER
75,SUSANTO@KELUNCING
76,LIDIA@KELUNCING
77,PRAMITA@GANTERAN
78,KUSUMAWATI@KIJAUD
79,PIPIT@DELTAALI
80,ANGELINA@KARANGANYAR
81,DANANG@KALIPANGPANG
82,DESSY@SAWAHLUHUR
83,NENI@ANGSANA1
84,TRISNA@SQUATER
85,DIMAS@CIBELUT
86,JUNITA@TEGALTANJUNG
87,RIYANTO@KEBASIRAN
88,AMINAH@PEGADINGAN
89,VIKA@CABLAS
90,FRIDA@KEPUH
91,MUSTIKA@ANGSANA2
92,FAISAL@SINDANGJAYA
93,KOMANG@ans.net
94,ERVINA@KEDUNGCINDE
95,SETIADI@CIKEDUNG
96,SUDARSONO@TEGALDUREN
97,ARIES@KEDUNGCINDE
98,KADEK@SUKAMANDI
99,HARI@SINDANGJAYA
100,PRATOMO@CIKEDUNG
101,SINAGA@ans.net
102,TAUFIK@GIRILAYA
103,YULITA@TEGALTANJUNG
104,RENI@CENGKOK
105,FRANSISKA@ambon
106,AMANDA@BTM
107,NASUTION@CABLAS
108,NURMALA@CABLAS
109,BAGAS@JAMBLANG
110,VENTY@TEGALDUREN
111,TRIA@KEBASIRAN
112,HIDAYAH@LENGKONG
113,WINDY@TEGALDUREN
114,EVY@SAWAHLUHUR
115,MIRZA@PIK
116,HAKIM@GANTERAN
117,FARIDA@GEMPOL
118,RANDY@GEMPOL
119,LUBIS@BTM
120,MAULIDA@KELUNCING
121,POPPY@CENGKOK
122,LIDIA@CIBELUT
123,DESY@PADEK
124,HIDAYAT@SQUATER
125,HARTONO@KEPUH
126,TARNO@PAMENGKANG
127,KHAIRUNNISA@KEDUNGCINDE
128,RAHMADHANI@PAMENGKANG
129,RINA@ANGSANA2
130,YUNIAR@TEGALDUREN
131,CHRISTIE@Pai2
132,SUDARSONO@ANGSANA1
133,NAILAH@KALIPANGPANG
134,FITENI@KEBAROSAN
135,YAFIZ@KEDUNGCINDE
136,FITRAH@KIJAUD
137,DEBORA@ambon
138,YENY@ambon
139,MIZAN@LENGKONG
140,SETIA@TEGALTANJUNG
141,SALMA@KEPUH
142,DEWA@PEGADINGAN
143,RIKI@CILIA
144,RIZKI@JAMBLANG
145,PRATIWI@ANGSANA
146,YANU@ANGSANA2
147,SLAMET@JAMBLANG
148,MILA@KARANGANYAR
149,ARIEF@GIRILAYA
150,EMA@KEBASIRAN
151,DANANG@LAMONGAN
152,ADY@KARANGANYAR
153,RUBEN@SQUATER
154,RAMADHAN@KEPUH
155,SOLEH@TEGALDUREN
156,ERNI@CANGKRING
157,SAYUTI@ambon
158,BASUKI@KARANGANYAR
159,ARIANI@ANGSANA1
160,SEPTIANI@KEBAROSAN
161,VERONIKA@TEGALTANJUNG
162,HAFIZ@TEGALTANJUNG
163,SAVITRI@TERATE
164,GEMA@KASUBAN
165,JONATAN@ANGSOKA
166,PERMANA@HARMONI2
167,SULAEMAN@SINDANGJAYA
168,SIFA@ambon
169,IBNU@SUKAMANDI
170,FEBRIANTO@ANGSANA2
171,RIZA@TEGALTANJUNG
172,HASAN@DELTA
173,ANNISA@ANGSANA1
174,ARINI@PG
175,RIYAN@LENGKONG
176,UMAR@PG
177,NOVALIA@JAMBLANG
178,ZAINI@PURIDELTA
179,DIDI@PADEK
180,IKHSAN@JENGGOT
181,ROBBY@PG
182,GERI@Pai2
183,PURBA@LENGKONG
184,FAISAL@PAMENGKANG
185,SETIAWAN@KARANGANYAR
186,SURYA@ans.net
187,SYAMSUL@CIPUTRI
188,RAHMAN@SAWAHLUHUR
189,HESTI@DELTAALI
190,ARTHA@JAMBLANG
191,SANIA@CILIA
192,JULIAN@CANGKRING
193,WENNY@ANGSANA2
194,HARIS@KEDUNGCINDE
195,YUSNITA@KEBASIRAN
196,SENJA@CIBELUT
197,RIKY@CIPUTRI
198,EDDY@TONJONG
199,ROFIQ@PURIDELTA
200,NURDIN@PURIDELTA
201,DODI@ANGSANA1
202,ADE@KEBAROSAN
203,ARIFIN@KARANGANYAR
204,SUHARSONO@PG
205,ESTI@KARANGANYAR
206,LIZA@KASUBAN
207,KHAIRUNNISA@CABLAS
208,RUDIYANTO@GIRILAYA
209,DENDI@CIBELUT
210,ISNAINI@KIJAUD
211,HENRY@ANGSANA
212,ANDI@CABLAS
213,ANGGORO@KEPUH
214,DONY@CABLAS
215,SANTY@ANGSOKA
216,PUSPITASARI@SQUATER
217,RIKI@ANGSANA2
218,MARINI@PURIDELTA
219,VIVI@KASUBAN
220,ELLY@SINDANGJAYA
221,SATRIA@TERATE
222,DEVITA@PG
223,RINALDI@CIPUTRI
224,RAHMAWATI@ANGSANA1
225,KARYO@CENGKOK
226,TOHA@JENGGOT
227,IRWAN@ANGSANA1
228,TITO@PIKDELTA
229,LESTARI@LAMONGAN
230,TULUS@CIBELUT
231,SANI@PG
232,YENI@SQUATER
233,NUGROHO@GEMPOL
234,SUSANTI@GIRILAYA
235,KARTIKA@KEPUH
236,SUSILOWATI@LENGKONG
237,PUPU@Pai2
238,RATU@LENGKONG
239,HIKMAH@DELTA
240,HANIF@KEPUH
241,ARISTA@KALIPANGPANG
242,XANDRA@TERATE
243,YUDA@GANTERAN
244,DESSY@KASUBAN
245,ISNAINI@SINDANGJAYA
246,ESTI@KEBASIRAN
247,TAUFAN@CIPUTRI
248,TUA@GIRILAYA
249,FAUZIAH@GIRILAYA
250,HAPSARI@JENGGOT
251,PERMANA@JAMBLANG
252,JUNITA@SAWAHLUHUR
253,DARMAWAN@JAMBLANG
254,FEBRIANI@Pai2
255,MARLINA@KASUBAN
256,FAHMI@CABLAS
257,AGNES@ambon
258,RADEN@TEGALDUREN
259,SINAGA@LAMONGAN
260,ARDI@KROYA
261,JUNITA@PAMENGKANG
262,ADITIA@KEDUNGCINDE
263,KRISNA@TEGALDUREN
264,MIRA@TONJONG
265,LENI@HARMONI2
266,VALLEN@JAMBLANG
267,WIJAYA@BTM
268,FITRIANA@KROYA
269,SEMBIRING@KEPUH
270,WIWIK@ans.net
271,CHRISTIE@ANGSOKA
272,MUJI@CIBELUT
273,EVA@KALIPANGPANG
274,ARIYANTO@PIKDELTA
275,FIRMAN@ANGSANA
276,ANGGIA@DELTA
277,SITORUS@ANGSOKA
278,KURNIASARI@JENGGOT
279,ARISTA@PAMENGKANG
280,INA@SUKAMANDI
281,HIKMAH@KALIPANGPANG
282,WIDYA@PIKDELTA
283,HAJAR@LAMONGAN
284,NUGRAHENI@SAWAHLUHUR
285,HANI@SUKAMANDI
286,ERVINA@PG
287,IKHSAN@CIPUTRI
288,ENDANG@KASUBAN
289,MIRA@LAMONGAN
290,SINGGIH@ans.net
291,PRADANA@TEGALTANJUNG
292,ZAID@ANGSOKA
293,KURNIASARI@CANGKRING
294,SYARIFAH@SQUATER
295,RAHMI@TEGALTANJUNG
296,RISKA@KASUBAN
297,PURBA@CENGKOK
298,NANDANG@PADEK
299,WAHYUNINGSIH@LAMONGAN
300,MUKTI@CENGKOK
301,NURJANAH@LAMONGAN
302,DIAH@SQUATER
303,HIDAYAH@ans.net
304,RUSLAN@KEBAROSAN
305,ARUM@KELUNCING
306,PANJI@LAMONGAN
307,BASIR@CIPUTRI
308,AGUSTIAN@HARMONI2
309,LATIF@Pai2
310,PANJAITAN@BTM
311,YANI@KELUNCING
312,ANA@PEGADINGAN
313,RIZA@TEGALDUREN
314,HARTANTO@CILIA
315,YULI@KEBAROSAN
316,EDY@KEDUNGCINDE
317,PURNOMO@KIJAUD
318,MITA@GEMPOL
319,SUSI@PURIDELTA
320,EFFENDI@HARMONI2
321,LITA@PAMENGKANG
322,ANTON@PERMATA
323,SUPRIADI@SINDANGJAYA
324,REGINA@KIJAUD
325,HIDAYAT@TEGALDUREN
326,INDRAWAN@KELUNCING
327,ESTER@PIK
328,KURNIAWATI@ANGSANA1
329,DARMA@PURIDELTA
330,FEBRIANTI@PIKDELTA
331,MAYASARI@KEBASIRAN
332,TIKA@TONJONG
333,MIRA@PIK
334,SONIA@ans.net
335,RENI@KEBAROSAN
336,ENDANG@TERATE
337,BAYU@ANGSANA1
338,WIDODO@PERMATA
339,KUMALA@KARANGANYAR
340,DHARMA@SUKAMANDI
341,ZAINI@CABLAS
342,AMIN@HARMONI2
343,RIANA@CIPUTRI
344,ARINI@KARANGANYAR
345,AMELIA@SUKAMANDI
346,PUTRO@PURIDELTA
347,SALIM@SAWAHLUHUR
348,HARI@Pai2
349,IRMA@TEGALTANJUNG
350,HASAN@KALIPANGPANG
351,HIKMAH@LENGKONG
352,EMI@CABLAS
353,ERNA@SQUATER
354,JULI@CABLAS
355,TEUKU@KEBAROSAN
356,SYAHPUTRA@TEGALDUREN
357,ANDRIANI@ANGSOKA
358,NITA@CIBELUT
359,UMAY@KESATRIAN
360,NURAINI@PG
361,RIZKY@PERMATA
362,TANTO@TEGALDUREN
363,KAMIL@HARMONI2
364,ANDRIAN@BTM
365,ELI@KEBASIRAN
366,SIRAIT@TEGALTANJUNG
367,OKTVIANA@KASUBAN
368,BAGUS@GEMPOL
369,MURTI@PEGADINGAN
370,ADITYA@PURIDELTA
371,SUSAN@KEPUH
372,YENNY@ANGSANA
373,EKI@KALIPANGPANG
374,IBRAHIM@JAMBLANG
375,LUKMAN@CANGKRING
376,ROHMAT@Pai2
377,FITRIANI@CIPUTRI
378,ISNAINI@LAMONGAN
379,WIRYA@ANGSANA2
380,SITTI@ans.net
381,RATRI@ANGSOKA
382,WAWAN@PEGADINGAN
383,ABDULLAH@ambon
384,RIFKY@PAMENGKANG
385,VERI@CIKEDUNG
386,DIYAH@Pai2
387,VIONA@ANGSANA1
388,SADEWA@GANTERAN
389,ADE@HARMONI2
390,AGUSTIN@SQUATER
391,ANASTASIA@PIKDELTA
392,UMAR@GANTERAN
393,YUANITA@Pai2
394,SINGGIH@KROYA
395,PARTO@KEBAROSAN
396,ANWAR@SQUATER
397,SAHAT@PADEK
398,YUNI@DELTAALI
399,MOHAMAD@SUKAMANDI
400,AZIZAH@KEDUNGCINDE
401,YOHANA@KEBAROSAN
402,HUSNI@ans.net
403,ERNA@CENGKOK
404,GUNTUR@PIK
405,DENDI@CIKEDUNG
406,NADIA@PIK
407,FRISKA@ANGSANA
408,DIDIK@ambon
409,ROSID@CILIA
410,ANDRY@PIK
411,NOVITA@CANGKRING
412,ANA@CIKEDUNG
413,SUNARYA@HARMONI2
414,AGUS@CIKEDUNG
415,TAUFAN@GEMPOL
416,DARMA@CENGKOK
417,ARI@KASUBAN
418,KIKI@ANGSANA2
419,AGUSTINUS@LENGKONG
420,SUBAGJA@PEGADINGAN
421,LYDIA@JAMBLANG
422,NASUTION@PIK
423,HANNY@CENGKOK
424,ANDRE@SUKAMANDI
425,RASYID@TEGALDUREN
426,RAYHAN@CIKEDUNG
427,WIJAYANTO@KARANGANYAR
428,VIKA@SAWAHLUHUR
429,SUSI@PAMENGKANG
430,BUNGA@LENGKONG
431,INDRA@PURIDELTA
432,IKHSAN@KASUBAN
433,FRANSISCA@GANTERAN
434,RATU@SINDANGJAYA
435,LIDIA@KEBASIRAN
436,RAHMAH@SINDANGJAYA
437,MADE@KEBAROSAN
438,NONI@KASUBAN
439,PALUPI@CENGKOK
440,SETYO@KEBASIRAN
441,HENDI@DELTA
442,ATIK@KELUNCING
443,ROCHMAT@PEGADINGAN
444,SUJATMIKO@ANGSOKA
445,NADINE@KESATRIAN
446,SURYANI@DELTAALI
447,AGUNG@TONJONG
448,ERLANGGA@DELTAALI
449,MUNIR@GEMPOL
450,LARAS@LENGKONG
451,ADHI@KIJAUD
452,LUSIANA@KROYA
453,YAFI@HARMONI2
454,DARMAWAN@TEGALDUREN
455,ARISANDI@KASUBAN
456,FARIDA@SINDANGJAYA
457,RAMA@KALIPANGPANG
458,OPAN@GEMPOL
459,KOMANG@ANGSANA
460,AKHMAD@TONJONG
461,NANI@GANTERAN
462,ARIYANTO@KEDUNGCINDE
463,EVY@GIRILAYA
464,ESTER@GIRILAYA
465,RIKA@CIBELUT
466,ANNISA@ANGSANA
467,PALUPI@KEBAROSAN
468,YULITA@KEDUNGCINDE
469,VERA@PEGADINGAN
470,GUNAWAN@BTM
471,DHARMA@TERATE
472,LUSI@PURIDELTA
473,HESTI@KELUNCING
474,SUJATMIKO@CANGKRING
475,RIAN@PEGADINGAN
476,NUGRAHENI@SUKAMANDI
477,ERLANGGA@KROYA
478,HAYATI@KROYA
479,BUDI@CIPUTRI
480,TOMI@CILIA
481,JONI@TERATE
482,JANUAR@KEPUH
483,NITA@JENGGOT
484,TEUKU@DELTA
485,SARAS@ANGSANA2
486,SIGIT@SINDANGJAYA
487,ROHMAT@ANGSANA1
488,SISKA@ANGSOKA
489,MURTI@ANGSANA2
490,NISA@TEGALTANJUNG
491,SUSILOWATI@SAWAHLUHUR
492,SUKMAWATI@TEGALTANJUNG
493,DAVID@GEMPOL
494,RENY@ans.net
495,SETIA@CIPUTRI
496,MUNIR@KEPUH
497,AMELIA@ANGSANA
498,APRILIA@KASUBAN
499,REGINA@SUKAMANDI
500,YAYUK@TEGALDUREN
501,FRISKA@BTM
502,DITA@TEGALTANJUNG
503,PITER@KASUBAN
504,JULIO@KEBAROSAN
505,NI@KELUNCING
506,RONAL@CANGKRING
507,RINA@ANGSOKA
508,OMAR@ANGSANA1
509,SAMAN@LAMONGAN
510,FADLI@KROYA
511,KRISTINA@CABLAS
512,TULUS@KEPUH
513,SUPRIANTO@PEGADINGAN
514,ADITYA@GIRILAYA
515,AHMAD@KARANGANYAR
516,MUTIA@KASUBAN
517,JAYANTI@LENGKONG
518,ADITYO@PEGADINGAN
519,WULAN@LENGKONG
520,PALUPI@SQUATER
521,RUSLAN@PEGADINGAN
522,TEUKU@CABLAS
523,LENY@CIKEDUNG
524,THERESIA@CILIA
525,PUTRI@TEGALDUREN
526,RIZKI@SUKAMANDI
527,SORAYA@PG
528,ANGGIT@TONJONG
529,NASUTION@TONJONG
530,MITA@JAMBLANG
531,VIDYA@GIRILAYA
532,FAUZI@ANGSANA
533,YENNI@ambon
534,PURWANTI@ANGSOKA
535,RAHMAH@GEMPOL
536,CANDRA@BTM
537,IQBAL@CIPUTRI
538,KARINA@CENGKOK
539,SANI@ANGSANA
540,RIYADI@KEDUNGCINDE
541,YAFI@KIJAUD
542,YAYAN@ambon
543,MAULANA@GEMPOL
544,PURNOMO@PERMATA
545,VENTY@ambon
546,ANIS@CILIA
547,WAYAN@BTM
548,HIKMAH@HARMONI2
549,LARASATI@PIKDELTA
550,EKI@Pai2
551,AJIE@KARANGANYAR
552,RAFLI@PIK
553,VENTY@CIKEDUNG
554,RISKY@ANGSANA2
555,LATIF@PIKDELTA
556,UCE@PAMENGKANG
557,TOFIK@PEGADINGAN
558,YUDI@KROYA
559,RIANI@GIRILAYA
560,SUDIRMAN@TERATE
561,PURWANTO@PERMATA
562,ENDAH@PAMENGKANG
563,SYAH@SQUATER
564,UMI@PIK
565,NELLY@KALIPANGPANG
566,SEPTIANA@LENGKONG
567,PANJI@KEDUNGCINDE
568,YOKO@GANTERAN
569,DANANG@PURIDELTA
570,HAKIM@CABLAS
571,ENY@CANGKRING
572,PARTO@CIPUTRI
573,BASKORO@GEMPOL
574,NINGRUM@KEDUNGCINDE
575,NIA@KASUBAN
576,OKTA@PERMATA
577,RIKI@KROYA
578,SAFIRA@ANGSOKA
579,SUNARYA@CANGKRING
580,AZIZAH@CABLAS
581,DHIAN@JENGGOT
582,SYAMSUL@CANGKRING
583,WAHYUDI@PADEK
584,WULANDARI@PAMENGKANG
585,FATIMAH@PIKDELTA
586,WINDY@CILIA
587,ROHMAN@JAMBLANG
588,SUHARTONO@PIKDELTA
589,CHRISTIE1@ambon
590,KUSUMASTUTI@JAMBLANG
591,KRISTINA@BTM
592,RULLY@JENGGOT
593,HARTANTO@GIRILAYA
594,YUNITA@GANTERAN
595,SUSAN@LAMONGAN
596,EMA@PADEK
597,VIYAN@ans.net
598,SETYOWATI@ANGSOKA
599,SEPTIAN@LENGKONG
600,MARTHA@LENGKONG
601,HARUN@SINDANGJAYA
602,JAYA@KALIPANGPANG
603,ANTON@CIKEDUNG
604,RIDA@SUKAMANDI
605,NUGROHO@PAMENGKANG
606,ANDRIAN@KEBASIRAN
607,DIANA@ANGSANA1
608,RIZKY@GEMPOL
609,OCTAVIA@ANGSANA1
610,DEWA@PIKDELTA
611,MUSTOFA@KEBASIRAN
612,PRAMITA@SUKAMANDI
613,AHMAD@ANGSANA1
614,ANIS@PAMENGKANG
615,AFRIZAL@PEGADINGAN
616,RESTU@PURIDELTA
617,ULFA@TERATE
618,HENDRI@GANTERAN
619,WINDY@KIJAUD
620,WINDI@CANGKRING
621,ENY@DELTAALI
622,SEMBIRING@PG
623,FRISKA@PG
624,DANU@GEMPOL
625,AYUNINGTYAS@PERMATA
626,SORAYA@SUKAMANDI
627,RESTI@SINDANGJAYA
628,ELLY@ambon
629,RIDHA@JAMBLANG
630,SUPARDI@KEBASIRAN
631,PRIMA@HARMONI2
632,ARIEF@PADEK
633,SOLIHIN@DELTAALI
634,HABIB@GEMPOL
635,GEDE@ambon
636,SYAIFUL@KEBAROSAN
637,SETYAWAN@SQUATER
638,HENDRA@PIK
639,DIYAH@CIKEDUNG
640,ARYA@ANGSOKA
641,THERESIA@Pai2
642,ARUM@CILIA
643,YONO@PIKDELTA
644,POPPY@ans.net
645,TOHA@KESATRIAN
646,IRWAN@GEMPOL
647,ANGELINA@DELTA
648,MAGDALENA@TEGALDUREN
649,RITA@KEDUNGCINDE
650,SAMUEL@KEPUH
651,PRADIPTA@LENGKONG
652,WIWIN@PEGADINGAN
653,BUDI@TEGALTANJUNG
654,YOHANA@KIJAUD
655,WIJAYA@ANGSANA1
656,ILHAM@PURIDELTA
657,RIZAL@KARANGANYAR
658,ADAM@ANGSOKA
659,SAPUTRI@KROYA
660,SUCIPTO@KEPUH
661,RUTH@TONJONG
662,AZHARI@PG
663,ELISABETH@ANGSOKA
664,DESTY@PERMATA
665,ANIK@GIRILAYA
666,KRISTINA@PERMATA
667,UMI@KEPUH
668,NANDANG@TONJONG
669,RIA@PAMENGKANG
670,MITA@PERMATA
671,MEI@KEPUH
672,MOH.@PG
673,DHANI@TEGALDUREN
674,YANA@PIK
675,SEPTIANA@PURIDELTA
676,AAN@CIBELUT
677,RACHMAWATI@PIKDELTA
678,OKTVIANA@ans.net
679,UBAIDILLAH@PURIDELTA
680,ANTON@KALIPANGPANG
681,RIZKY@LENGKONG
682,MARYATI@PIK
683,SANIA@SAWAHLUHUR
684,TOFAN@ans.net
685,SINAGA@KARANGANYAR
686,VALEN@TONJONG
687,PRAMITA@CANGKRING
688,SETIADI@KROYA
689,RINO@CABLAS
690,KIKI@ANGSANA1
691,SUSILO@PIKDELTA
692,MALIK@KIJAUD
693,NORMA@HARMONI2
694,CAHYADI@SUKAMANDI
695,PANJI@CIBELUT
696,PANJI@BTM
697,IRWAN@PERMATA
698,PERMANA@DELTAALI
699,JULIANTI@GEMPOL
700,SEPTIANI@KASUBAN
701,AZHAR@LAMONGAN
702,FERI@CIBELUT
703,YULIANI@PIKDELTA
704,KARLINA@PEGADINGAN
705,FUAD@GEMPOL
706,YENNY@SUKAMANDI
707,WIDIASTUTI@CILIA
708,IRWAN@SINDANGJAYA
709,HIDAYAH@KASUBAN
710,DINDA@KALIPANGPANG
711,HANI@GIRILAYA
712,VALLEN@DELTA
713,DODY@CIKEDUNG
714,OKTARINA@PADEK
715,DHANY@PIK
716,CECEP@CANGKRING
717,UTAMA@LAMONGAN
718,MALIK@CENGKOK
719,SITORUS@Pai2
720,KHAIRUNNISA@KARANGANYAR
721,IRVAN@GIRILAYA
722,YUDHA@KEBAROSAN
723,ZAHRAN@SQUATER
724,VERONICA@ANGSOKA
725,NANI@DELTA
726,FIKRI@CENGKOK
727,NOVIANI@CIKEDUNG
728,ZAHRAN@KEPUH
729,GITA@KELUNCING
730,VIONA@PEGADINGAN
731,MEGAWATI@ANGSANA1
732,HARTONO@JAMBLANG
733,DARMA@SAWAHLUHUR
734,CAHYA@TONJONG
735,VENTY@PIK
736,ERNA@CANGKRING
737,SIHOMBING@ANGSANA
738,LUH@LENGKONG
739,SEPTI@KEDUNGCINDE
740,ADITYA@PEGADINGAN
741,HIMAWAN@LAMONGAN
742,LATIF@TERATE
743,ISTIQOMAH@KALIPANGPANG
744,HENDRIK@DELTA
745,AFRIZAL@PG
746,ANANDA@ANGSOKA
747,RULLY@HARMONI2
748,FAIZAH@SINDANGJAYA
749,MONICA@Pai2
750,SYARIFAH@KASUBAN
751,YUDHA@TEGALTANJUNG
752,MUSA@LENGKONG
753,YASMINE@PURIDELTA
754,KETUT@PEGADINGAN
755,DESY1@PADEK
756,AMBARWATI@ANGSANA
757,RAFLI@ANGSANA1
758,YUSRI@KROYA
759,SAPTA@SAWAHLUHUR
760,SUPRIANTO@PURIDELTA
761,FAIZAL@KEBASIRAN
762,PAMUNGKAS@LENGKONG
763,EKA@CANGKRING
764,MUKHLIS@KASUBAN
765,NANI@LAMONGAN
766,KHAIRUNNISA@KEBAROSAN
767,YANTI@PG
768,TARAN@BTM
769,MUSTIKA@CENGKOK
770,SUPRIADI@SQUATER
771,CHRISTY@BTM
772,SIDIQ@PG
773,SETYA@KEBAROSAN
774,ARYA@SAWAHLUHUR
775,TIO@ANGSANA2
776,DANU@PEGADINGAN
777,WINARNO@KIJAUD
778,UMAR@TEGALTANJUNG
779,VENTY@PADEK
780,PURBA@TONJONG
781,IHSAN@ANGSANA
782,SETYA@CILIA
783,ERI@KEDUNGCINDE
784,ULFA@ANGSOKA
785,RAGIL@KEPUH
786,FINA@TONJONG
787,SANI@KASUBAN
788,YUDI@KEPUH
789,ANDIKA@HARMONI2
790,GILANG@SAWAHLUHUR
791,ROMLAH@KALIPANGPANG
792,CUT@TEGALDUREN
793,YUDHA@JAMBLANG
794,VIAN@PIK
795,APRIYANTI@CIBELUT
796,DINDA@CIBELUT
797,ALAMSYAH@BTM
798,YUYUN@JENGGOT
799,VERI@DELTAALI
800,PERTIWI@KESATRIAN
801,VERA@CENGKOK
802,RUBEN@TONJONG
803,LAILI@PAMENGKANG
804,DENNY@ANGSANA2
805,SUJATMIKO@SQUATER
806,MARIA@CIBELUT
807,DWI@CIPUTRI
808,PURNAMA@CIPUTRI
809,WINARNO@KASUBAN
810,ISKANDAR@GIRILAYA
811,MADE@LENGKONG
812,SUANDI@PIKDELTA
813,BUDIMAN@ans.net
814,APRIYANI@Pai2
815,PURNAMASARI@KARANGANYAR
816,NANANG@HARMONI2
817,QORI@LENGKONG
818,OPAN@KARANGANYAR
819,PANJAITAN@TERATE
820,EKAWATI@PEGADINGAN
821,OKTAVIA@GANTERAN
822,RATRI@ANGSANA
823,TITO@LENGKONG
824,HENDRA@KEPUH
825,AJIE@KALIPANGPANG
826,WINARDI@TONJONG
827,LUSI@TEGALTANJUNG
828,DARMA@DELTAALI
829,PRADANA@JENGGOT
830,HIDAYAT@KEDUNGCINDE
831,PRATOMO@ANGSANA1
832,NILA@CABLAS
833,ARIO@PIK
834,DENDI@PERMATA
835,PURWANTI@KARANGANYAR
836,SANIA@CENGKOK
837,JOHAN@LAMONGAN
838,RIYAN@DELTAALI
839,DARMA@SINDANGJAYA
840,SAPUTRI@PIK
841,DINA@SUKAMANDI
842,CHRISTINA@LAMONGAN
843,NADIN@PURIDELTA
844,CAROLINA@SINDANGJAYA
845,ALI@JENGGOT
846,KAMAL@CENGKOK
847,SAFITRI@PEGADINGAN
848,SUSI@KESATRIAN
849,ISNAINI@ans.net
850,FARIDA@LENGKONG
851,NANA@PIK
852,EDY@PURIDELTA
853,RATIH@KARANGANYAR
854,DICKY@SAWAHLUHUR
855,MEI1@KEPUH
856,SAYUTI@KEBAROSAN
857,ABDUL@JENGGOT
858,YUDI@BTM
859,RANI@ANGSANA2
860,YUDHA@TONJONG
861,PURWADI@CANGKRING
862,CECEP@JAMBLANG
863,TINI@LAMONGAN
864,UMAR@ans.net
865,ERVINA@SAWAHLUHUR
866,KURNIAWATI@SINDANGJAYA
867,SHANDY@LAMONGAN
868,SISKA@KASUBAN
869,RASYID@PIK
870,ENY@TONJONG
871,VERONICA@PERMATA
872,MARGARETHA@ANGSANA
873,WIRAWAN@KEBAROSAN
874,AGUS@CIPUTRI
875,TINI@CANGKRING
876,ZULFIKAR@CENGKOK
877,SIRAIT@CIKEDUNG
878,ACHMAD@CIBELUT
879,DEASY1@ANGSANA
880,ANDRIYANI@JENGGOT
881,SITORUS@SAWAHLUHUR
882,FAUZAN@BTM
883,YULIANA@ANGSOKA
884,EDI@PEGADINGAN
885,NANDA@PEGADINGAN
886,SULISTYO@SQUATER
887,LATIF@ambon
888,ANGGRAINI@KEDUNGCINDE
889,SAMUEL@CANGKRING
890,DINAR@Pai2
891,DIAN@PERMATA
892,FEBRIANTO@KEBAROSAN
893,RIDHO@BTM
894,RINI@KESATRIAN
895,ANGELINA@KEBASIRAN
896,WIDI@KIJAUD
897,TULUS@LAMONGAN
898,NURAINI@PEGADINGAN
899,SUDIRMAN@KELUNCING
900,GANJAR@JAMBLANG
901,TINO@KESATRIAN
902,MANIK@KESATRIAN
903,MAYANG@CIKEDUNG
904,IBNU@LENGKONG
905,RIANI@DELTAALI
906,LUQMAN@PEGADINGAN
907,EDDY@PAMENGKANG
908,UMAR@HARMONI2
909,SISKA@KIJAUD
910,NOVIANA@SAWAHLUHUR
911,APRIANI@LENGKONG
912,ANWAR@KALIPANGPANG
913,JOKO@CENGKOK
914,ENY@TEGALTANJUNG
915,MAS@SAWAHLUHUR
916,HERLINA@ANGSOKA
917,LITA@KIJAUD
918,RATRI@PAMENGKANG
919,JUWITA@DELTA
920,SUKMAWATI@KIJAUD
921,ASTUTI@PIK
922,SIGIT@KEBASIRAN
923,ANIS@GANTERAN
924,NANI@PURIDELTA
925,HERI@KARANGANYAR
926,EKI@GIRILAYA
927,AFNI@CANGKRING
928,SANTI@ANGSANA2
929,HUDA@LAMONGAN
930,RULLY@SINDANGJAYA
931,HUSAIN@ambon
932,MARIANA@PURIDELTA
933,TOFIK@KEBASIRAN
934,VIKA@ANGSANA1
935,SUKMAWATI@KEBASIRAN
936,MANIK@JAMBLANG
937,JAJANG@PG
938,RIAN@TEGALTANJUNG
939,RAHADIAN@GIRILAYA
940,RAYHAN@ANGSANA1
941,SEPTIAN@JAMBLANG
942,NURMALA@SUKAMANDI
943,IRMA@BTM
944,PUTRI@PURIDELTA
945,BASKORO@CABLAS
946,EMA@LENGKONG
947,FIKRI@CABLAS
948,YAFIZ@DELTA
949,WIDIASTUTI@LENGKONG
950,RAFI@GEMPOL
951,AMINAH@SQUATER
952,WENNY@KESATRIAN
953,FADILLA@SQUATER
954,PANDU@HARMONI2
955,ABIE@ANGSOKA
956,ASMARA@ambon
957,DAVID@TERATE
958,EKAWATI@ANGSOKA
959,SITORUS@HARMONI2
960,YANUAR@ANGSOKA
961,INDRI@PEGADINGAN
962,GILANG@LENGKONG
963,HELMI@SUKAMANDI
964,SENJA@PADEK
965,INDRI@CIPUTRI
966,TIO@PERMATA
967,WIRAWAN@PURIDELTA
968,MULYONO@DELTAALI
969,SUKARNO@GIRILAYA
970,ACHMAD@JENGGOT
971,RISA@GANTERAN
972,MUTIA@ANGSANA
973,MIZAN@TERATE
974,APRIYANTI@SUKAMANDI
975,AZIZAH@Pai2
976,WINDI@KEBAROSAN
977,FIKA@BTM
978,SETIAWAN@TEGALTANJUNG
979,NANA@JENGGOT
980,TRIONO@CANGKRING
981,SINA@SUKAMANDI
982,TUA@LAMONGAN
983,SUPARDI@GANTERAN
984,SANJAYA@SQUATER
985,RAYHAN@JAMBLANG
986,CINTA@ANGSOKA
987,LENNY@PURIDELTA
988,BAMBANG@CIPUTRI
989,VERA@SUKAMANDI
990,TINA@KIJAUD
991,PUTI@KELUNCING
992,SUBANDI@KEPUH
993,WANDA@KEBASIRAN
994,NANDANG@SQUATER
995,DEDDY@KARANGANYAR
996,SUCIPTO@DELTAALI
997,HUSNI@TEGALDUREN
998,MALIK@JAMBLANG
999,CHRISTIN@CENGKOK
1000,KARLINA@PADEK
1001,MAGDALENA@CILIA
1002,MOHAMAD@LAMONGAN
1003,TARSAN@CILIA
1004,NITA@ANGSOKA
1005,VINCENT@PIKDELTA
1006,JOKO@LAMONGAN
1007,FARAH@KESATRIAN
1008,RARA@SINDANGJAYA
1009,SALMAN@JENGGOT
1010,GUNTUR@KESATRIAN
1011,MUSTIKA@TEGALDUREN
1012,YULY@CABLAS
1013,AFNI@KEBAROSAN
1014,DADANG@PURIDELTA
1015,PALUPI@TERATE
1016,ARUM@PG
1017,RISMA@PURIDELTA
1018,ALAMSYAH@PURIDELTA
1019,NURDIN@ANGSANA2
1020,DINAR@GANTERAN
1021,NOVITASARI@LENGKONG
1022,AMIN@DELTAALI
1023,POPPY@KROYA
1024,LUSIANA@ANGSANA2
1025,VIKA@ans.net
1026,MUSTOFA@CIKEDUNG
1027,HENI@SAWAHLUHUR
1028,FAUZI@KASUBAN
1029,AZHARI@ans.net
1030,UMAY@JAMBLANG
1031,MUHAMMAD@LENGKONG
1032,SHANDY@GANTERAN
1033,UTAMI@SUKAMANDI
1034,DEBORA@ANGSANA1
1035,IMAM@ANGSANA
1036,MIRA@KALIPANGPANG
1037,GALUH@ANGSANA2
1038,SUHARSONO@ANGSANA2
1039,AGUSTINUS@KEDUNGCINDE
1040,SETYAWAN@SUKAMANDI
1041,ADITYA@CANGKRING
1042,HERLINA@DELTAALI
1043,APRILIA@BTM
1044,LENY@TEGALTANJUNG
1045,SARIF@TONJONG
1046,ROMLAH@BTM
1047,DODY@GEMPOL
1048,ANDIKA@PEGADINGAN
1049,NILA@KEBASIRAN
1050,PRABOWO@SQUATER
1051,VIYAN@BTM
1052,PANJI@KEBASIRAN
1053,BETTY@ANGSANA2
1054,MIRANTI@HARMONI2
1055,DIAN@GIRILAYA
1056,FIKA@GEMPOL
1057,AJI@LAMONGAN
1058,PUTI@KEBAROSAN
1059,FATIMAH1@PIKDELTA
1060,DINAR@ANGSANA
1061,RATIH@CILIA
1062,SISKA@LENGKONG
1063,DONI@LENGKONG
1064,KUMALA@DELTA
1065,RARA@LAMONGAN
1066,FAIZAH@LAMONGAN
1067,ROY@KROYA
1068,ERA@JENGGOT
1069,FAUZI@KEBASIRAN
1070,SAPUTRO@TONJONG
1071,RONAL@GIRILAYA
1072,ZAELANI@Pai2
1073,HARTATI@CABLAS
1074,DONI@ambon
1075,ARIANI@KESATRIAN
1076,HAFIZ@LAMONGAN
1077,DARMAWAN@PAMENGKANG
1078,DIDI@TONJONG
1079,YADI@KEPUH
1080,SUKARNO@CILIA
1081,CHANDRA@ANGSANA1
1082,MIFTAHUL@GEMPOL
1083,NADIN@GEMPOL
1084,MIRANTI@SAWAHLUHUR
1085,HASANAH@DELTAALI
1086,KRISNA@ANGSOKA
1087,ARIES@KEBAROSAN
1088,RUSYDI@PIKDELTA
1089,MANURUNG@CANGKRING
1090,DANIEL@KEDUNGCINDE
1091,ASTRI@KEBAROSAN
1092,NENI@KEPUH
1093,ROFIQ@LENGKONG
1094,NYOMAN@PIKDELTA
1095,YULIANI@CABLAS
1096,FERA@GIRILAYA
1097,EDI@PG
1098,SUHARTONO@CIPUTRI
1099,NIZAR@GEMPOL
1100,MULYANI@CIPUTRI
1101,KAMIL@LAMONGAN
1102,ANI@DELTAALI
1103,BUDI@KARANGANYAR
1104,TYAS@ANGSOKA
1105,PALUPI1@TERATE
1106,MARGARETHA@TONJONG
1107,SUPRIANTO@ANGSANA1
1108,LENNY@SUKAMANDI
1109,FARIDA@ANGSANA2
1110,ISTIQOMAH@GIRILAYA
1111,HARI@KESATRIAN
1112,EKAWATI@ans.net
1113,FEBRIANTO@CENGKOK
1114,ARIANSYAH@ANGSOKA
1115,MIA@KEDUNGCINDE
1116,HASIBUAN@PIKDELTA
1117,MITA1@GEMPOL
1118,SHINTA@TEGALDUREN
1119,MUCHAMAD@BTM
1120,YUYUN@GANTERAN
1121,NILA1@CABLAS
1122,DIAN@SUKAMANDI
1123,RIKY@SAWAHLUHUR
1124,SHOLEH@HARMONI2
1125,RAGIL1@KEPUH
1126,IDA@PIKDELTA
1127,AZMI@ANGSOKA
1128,NUGRAHENI@ANGSANA1
1129,QORI@CIPUTRI
1130,ZAENAL@KROYA
1131,YUNIA@GEMPOL
1132,SYARIFAH@JENGGOT
1133,MIRZA@GEMPOL
1134,RAFEI@SQUATER
1135,WIGUNA@PURIDELTA
1136,ZAENAL@PADEK
1137,DYAH@KEBASIRAN
1138,KRISNA@ans.net
1139,OMAR@CENGKOK
1140,RENNY@KARANGANYAR
1141,ICHA@CIKEDUNG
1142,WAWAN@ans.net
1143,SHINTA@JENGGOT
1144,SOFYAN@CANGKRING
1145,BAKTI@PURIDELTA
1146,RIANI@KIJAUD
1147,RIDWAN@ANGSANA1
1148,SUGENG@KESATRIAN
1149,RUSYDI@KASUBAN
1150,TUA@TONJONG
1151,WINDA@KEBAROSAN
1152,RATIH@GIRILAYA
1153,AYUNINGTYAS@TEGALDUREN
1154,MIRZA@KROYA
1155,SETO@PADEK
1156,AZMI@KIJAUD
1157,RISNA@CABLAS
1158,WULANDARI@CABLAS
1159,PUSPA@KESATRIAN
1160,PARULIAN@CENGKOK
1161,CHRISTINA@KELUNCING
1162,PURWADI@CILIA
1163,YOKI@SINDANGJAYA
1164,ABDULLAH@TEGALDUREN
1165,ILHAM@ANGSANA2
1166,RACHMAN@TONJONG
1167,MULYANI@KEBASIRAN
1168,BAGUS@JENGGOT
1169,PRATOMO@ans.net
1170,ANGGARA@KARANGANYAR
1171,HERI@JAMBLANG
1172,LESTARI@KESATRIAN
1173,SATRIA@KARANGANYAR
1174,KURNIASIH@KARANGANYAR
1175,SANTI@JENGGOT
1176,WIDYANINGRUM@DELTAALI
1177,SORAYA@ans.net
1178,HASTUTI@KROYA
1179,YULIANA@TEGALTANJUNG
1180,HARAHAP@LENGKONG
1181,CAROLINA@PIK
1182,OMAR@KEPUH
1183,DESTI@SINDANGJAYA
1184,SARAGIH@DELTA
1185,ENY@SQUATER
1186,TIA@ambon
1187,SUPRIADI@KASUBAN
1188,SARIF@CENGKOK
1189,RAMADHAN@GIRILAYA
1190,PUTI@KEDUNGCINDE
1191,SUMANTRI@PEGADINGAN
1192,SUANDI@CIKEDUNG
1193,YUDHA@GANTERAN
1194,INDRAWATI@CILIA
1195,ASTRI@ambon
1196,FEBRIANA@KALIPANGPANG
1197,EKA@CILIA
1198,HENDRI@TERATE
1199,AZIS@PEGADINGAN
1200,MANSUR@SAWAHLUHUR
1201,HARYO@TEGALTANJUNG
1202,GUNTUR@LENGKONG
1203,RIZAL@KEBASIRAN
1204,TOHA@ANGSOKA
1205,SANTOSO@ANGSANA2
1206,AGUNG@PIKDELTA
1207,ANDY@ANGSANA
1208,GERI@ANGSANA1
1209,MUTIA@PERMATA
1210,YUNIAR@KEDUNGCINDE
1211,AGNES@PADEK
1212,ADY@LENGKONG
1213,DEWI@ANGSANA2
1214,UBAIDILLAH@CIKEDUNG
1215,DINI@LAMONGAN
1216,YULY@PIK
1217,EFFENDI@PG
1218,YUYUN@HARMONI2
1219,SUKMA@JENGGOT
1220,SAPTA@PAMENGKANG
1221,VIVI@SQUATER
1222,FAIZAH@KESATRIAN
1223,MARIO@JENGGOT
1224,SAIFUL@ANGSANA2
1225,JAYA@CIPUTRI
1226,SYAHPUTRA@KEPUH
1227,IKHSAN@TERATE
1228,MANDASARI@KIJAUD
1229,WAYAN@PG
1230,WULANDARI@CIBELUT
1231,BUDI@GANTERAN
1232,WINARNO@PAMENGKANG
1233,MAWAR@ANGSANA1
1234,LILIS@SINDANGJAYA
1235,ASMARA@KEBAROSAN
1236,ERLINA@TONJONG
1237,RAHAYU@ANGSANA
1238,AGUSTIN@PIK
1239,LAILI@PIKDELTA
1240,EMI@ANGSANA
1241,SYAIFUL@DELTAALI
1242,BAYU@KALIPANGPANG
1243,ANIK@PIKDELTA
1244,ENY@KALIPANGPANG
1245,PRAMONO@PIK
1246,YANU@PAMENGKANG
1247,PALUPI@KALIPANGPANG
1248,HIKMAH@JAMBLANG
1249,NILA@KASUBAN
1250,RAMADHAN@SINDANGJAYA
1251,FARAH@KELUNCING
1252,KUSUMASTUTI@TERATE
1253,BAHRI@KEBASIRAN
1254,HUSNA@ANGSANA1
1255,SANTY@GIRILAYA
1256,SUKMA@JAMBLANG
1257,RAMADHANI@PERMATA
1258,ISMA@GIRILAYA
1259,AZHARI@KASUBAN
1260,SURYADI@DELTAALI
1261,DADANG@CANGKRING
1262,DHANI@KEDUNGCINDE
1263,SEPTIANI@KROYA
1264,SUNDARI@SQUATER
1265,MIRZA@PG
1266,RAKA@LAMONGAN
1267,MELATI@Pai2
1268,SODIK@CENGKOK
1269,DANI@CIBELUT
1270,ERLINA@CABLAS
1271,FEBRIANTI@CABLAS
1272,NANA@ANGSANA
1273,MUCHAMAD@ANGSANA
1274,RAMADHAN@KARANGANYAR
1275,SOLEH@CILIA
1276,PRADANA@BTM
1277,RICKY@KROYA
1278,DHANY@KIJAUD
1279,DIAN@KEPUH
1280,WAHYUNINGSIH@PAMENGKANG
1281,YUNUS@LAMONGAN
1282,POPPY@GEMPOL
1283,RUSMANA@ANGSOKA
1284,YOSUA@CIKEDUNG
1285,INDRIANI@PURIDELTA
1286,DAMAYANTI@DELTA
1287,NORMA@CENGKOK
1288,MAULANA@SINDANGJAYA
1289,DAMAR@SINDANGJAYA
1290,YULIA@DELTAALI
1291,SHINTA@KEBASIRAN
1292,MARTHA@SAWAHLUHUR
1293,INDRIANI@CIBELUT
1294,SEPTIAN@CIBELUT
1295,SUBANDI@KEBAROSAN
1296,YOGI@CENGKOK
1297,SUHARTONO@ANGSOKA
1298,KHAIRUNNISA@TERATE
1299,ANIS@TEGALDUREN
1300,RATRI@KARANGANYAR
1301,OKTAVIANI@SAWAHLUHUR
1302,SAPTO@KIJAUD
1303,CAROLINA@HARMONI2
1304,MUNIR@KESATRIAN
1305,MAGDALENA@TONJONG
1306,ERNAWATI@CABLAS
1307,SUJONO@PIK
1308,RATNASARI@GEMPOL
1309,SUHADA@DELTAALI
1310,FITRI@KARANGANYAR
1311,ARISTA@ANGSANA2
1312,JAJANG1@PG
1313,SALMAN@JAMBLANG
1314,ANANG@DELTA
1315,MEGAWATI@JAMBLANG
1316,FRANSISCA@TEGALDUREN
1317,RIZKI@ANGSANA2
1318,PRIYO@ans.net
1319,SANTI@TEGALDUREN
1320,FIKA@CENGKOK
1321,APRIYANI@PAMENGKANG
1322,DAVIN@PG
1323,TRIANA@CILIA
1324,BANGUN@KARANGANYAR
1325,ASMARA@SINDANGJAYA
1326,MARISSA@SUKAMANDI
1327,ANDRI@CABLAS
1328,SETO@ANGSANA1
1329,MARINI@KASUBAN
1330,FAUZI@CIBELUT
1331,DIANA@CABLAS
1332,LUBIS@KASUBAN
1333,DIDIK@BTM
1334,MARISSA@KEPUH
1335,APRIYANI@JAMBLANG
1336,ASRI@GANTERAN
1337,HUSAIN@KIJAUD
1338,HANDAYANI@CENGKOK
1339,PALUPI1@SQUATER
1340,EKAWATI@JENGGOT
1341,INDRI@TERATE
1342,SAHAT@SINDANGJAYA
1343,LUSIANA@CENGKOK
1344,ULIL@KASUBAN
1345,AULIA@JENGGOT
1346,TIO@KALIPANGPANG
1347,MARIANA@PADEK
1348,FANI@KIJAUD
1349,IMAN@LENGKONG
1350,EMY@LENGKONG
1351,SITTI@SQUATER
1352,LISA@TEGALTANJUNG
1353,ARISTA@SUKAMANDI
1354,HADI@CABLAS
1355,ASEP@KARANGANYAR
1356,RIKA@JAMBLANG
1357,SUKMAWATI@PADEK
1358,MUTIARA@CENGKOK
1359,ANGGRAINI1@KEDUNGCINDE
1360,MANDASARI@KARANGANYAR
1361,DEASY@CIBELUT
1362,SUNARYA@PIK
1363,FADLI@SAWAHLUHUR
1364,NUGRAHENI@ambon
1365,NAILAH@ANGSANA2
1366,VIRA@JAMBLANG
1367,TINI@GANTERAN
1368,ALFIAN@ANGSANA1
1369,SYAHRIL@HARMONI2
1370,AMINAH@GIRILAYA
1371,SYARIFAH@CILIA
1372,SIGIT@PG
1373,SIAGIAN@SQUATER
1374,ISNAINI@CILIA
1375,NUGRAHENI@KELUNCING
1376,FAJRI@KEDUNGCINDE
1377,AFRIZAL@TERATE
1378,KHARISMA@DELTA
1379,NOVIANI@KEDUNGCINDE
1380,TANTO@ANGSOKA
1381,FENNY@GEMPOL
1382,MUH.@KALIPANGPANG
1383,UTAMI@ANGSOKA
1384,MUTTAQIN@PEGADINGAN
1385,SALMA@TEGALDUREN
1386,SUHARSONO@BTM
1387,ARIA@CABLAS
1388,GISELA@KIJAUD
